"Epic","Feature","Story","FAILED","BROKEN","PASSED","SKIPPED","UNKNOWN"
"Конструктор бургеров","Навигация по разделам конструктора","Переключение вкладок: Булки","0","0","2","0","0"
"Вход в аккаунт","Навигация к странице входа","Переход из формы регистрации","0","0","2","0","0"
"Вход в аккаунт","Навигация к странице входа","Переход из формы восстановления пароля","0","0","2","0","0"
"Навигация в личном кабинете","Переходы между страницами","Переход из профиля в конструктор по ссылке","0","0","2","0","0"
"Вход в аккаунт","Навигация к странице входа","Переход из шапки сайта без авторизации","0","0","2","0","0"
"Регистрация","Регистрация пользователя","Успешная регистрация","0","0","2","0","0"
"Регистрация","Регистрация пользователя","Валидация пароля","0","0","2","0","0"
"Навигация в личном кабинете","Переходы между страницами","Переход из профиля в конструктор по логотипу","0","0","2","0","0"
"Конструктор бургеров","Навигация по разделам конструктора","Переключение вкладок: Соусы","0","0","2","0","0"
"Конструктор бургеров","Навигация по разделам конструктора","Переключение вкладок: Начинки","0","0","2","0","0"
"Навигация в личном кабинете","Переходы между страницами","Переход в профиль из шапки","0","0","2","0","0"
"Вход в аккаунт","Навигация к странице входа","Переход из шапки сайта","0","0","2","0","0"
"Навигация в личном кабинете","Переходы между страницами","Выход из профиля","0","0","2","0","0"
