"Status","Start Time","Stop Time","Duration in ms","Parent Suite","Suite","Sub Suite","Test Class","Test Method","Name","Description"
"passed","Sat Oct 03 23:01:48 MSK 2026","Sat Oct 03 23:01:54 MSK 2026","6040","","tests.LoginTests","","tests.LoginTests","loginViaRestorePasswordForm","loginViaRestorePasswordForm(String, String) Переход на страницу входа из формы восстановления пароля в браузере: Yandex Browser",""
"passed","Sat Oct 03 23:03:40 MSK 2026","Sat Oct 03 23:03:47 MSK 2026","6695","","tests.ProfileNavigationTests","","tests.ProfileNavigationTests","navigateToConstructorViaLogo","navigateToConstructorViaLogo(String, String) Переход в конструктор по клику на логотип в браузере: Google Chrome",""
"passed","Sat Oct 03 23:02:27 MSK 2026","Sat Oct 03 23:02:54 MSK 2026","26961","","tests.ProfileNavigationTests","","tests.ProfileNavigationTests","logoutFromProfile","logoutFromProfile(String, String) Выход из аккаунта по кнопке Выход в браузере: Google Chrome",""
"passed","Sat Oct 03 23:02:11 MSK 2026","Sat Oct 03 23:02:18 MSK 2026","6867","","tests.LoginTests","","tests.LoginTests","loginViaHeaderProfileButton","loginViaHeaderProfileButton(String, String) Переход на страницу входа по кнопке Личный кабинет в браузере: Yandex Browser",""
"passed","Sat Oct 03 23:04:03 MSK 2026","Sat Oct 03 23:04:11 MSK 2026","8835","","tests.ProfileNavigationTests","","tests.ProfileNavigationTests","navigateToProfileViaHeaderButton","navigateToProfileViaHeaderButton(String, String) Переход в личный кабинет по клику на Личный кабинет в браузере: Yandex Browser",""
"passed","Thu Oct 08 00:07:39 MSK 2026","Thu Oct 08 00:07:53 MSK 2026","13485","","tests.ProfileNavigationTests","","tests.ProfileNavigationTests","navigateToConstructorViaLogo","Переход на главную страницу по клику на логотип из профиля",""
"passed","Sat Oct 03 23:07:03 MSK 2026","Sat Oct 03 23:07:25 MSK 2026","22400","","tests.RegistrationTests","","tests.RegistrationTests","successfulRegistration","successfulRegistration(String, String) Успешная регистрация в браузере: Google Chrome",""
"passed","Sat Oct 03 23:08:52 MSK 2026","Sat Oct 03 23:08:57 MSK 2026","4300","","tests.ConstructorSectionTests","","tests.ConstructorSectionTests","navigateToSaucesSection","Переход к разделу 'Соусы' делает вкладку активной и загружает ингредиенты Переход к разделу Соусы в браузере: Yandex Browser",""
"passed","Sat Oct 03 23:02:54 MSK 2026","Sat Oct 03 23:03:21 MSK 2026","26384","","tests.ProfileNavigationTests","","tests.ProfileNavigationTests","logoutFromProfile","logoutFromProfile(String, String) Выход из аккаунта по кнопке Выход в браузере: Yandex Browser",""
"passed","Sat Oct 03 23:01:44 MSK 2026","Sat Oct 03 23:01:48 MSK 2026","4661","","tests.LoginTests","","tests.LoginTests","loginViaRestorePasswordForm","loginViaRestorePasswordForm(String, String) Переход на страницу входа из формы восстановления пароля в браузере: Google Chrome",""
"passed","Sat Oct 03 23:08:44 MSK 2026","Sat Oct 03 23:08:52 MSK 2026","8189","","tests.ConstructorSectionTests","","tests.ConstructorSectionTests","navigateToSaucesSection","Переход к разделу 'Соусы' делает вкладку активной и загружает ингредиенты Переход к разделу Соусы в браузере: Google Chrome",""
"passed","Sat Oct 03 23:03:21 MSK 2026","Sat Oct 03 23:03:29 MSK 2026","8442","","tests.ProfileNavigationTests","","tests.ProfileNavigationTests","navigateToConstructorViaConstructorLink","navigateToConstructorViaConstructorLink(String, String) Переход в конструктор по клику на Конструктор в браузере: Google Chrome",""
"passed","Sat Oct 03 23:01:34 MSK 2026","Sat Oct 03 23:01:44 MSK 2026","9647","","tests.LoginTests","","tests.LoginTests","loginViaHeaderLoginButton","loginViaHeaderLoginButton(String, String) Переход на страницу входа по кнопке Войти в аккаунт в браузере: Yandex Browser",""
"passed","Thu Oct 08 00:07:25 MSK 2026","Thu Oct 08 00:07:39 MSK 2026","14385","","tests.ProfileNavigationTests","","tests.ProfileNavigationTests","navigateToConstructorViaConstructorLink","Переход на главную страницу по ссылке 'Конструктор' из профиля",""
"passed","Thu Oct 08 00:07:53 MSK 2026","Thu Oct 08 00:08:04 MSK 2026","10802","","tests.ProfileNavigationTests","","tests.ProfileNavigationTests","navigateToProfileViaHeaderButton","Переход в профиль через кнопку 'Личный кабинет' в шапке сайта",""
"passed","Sat Oct 03 23:03:55 MSK 2026","Sat Oct 03 23:04:03 MSK 2026","7140","","tests.ProfileNavigationTests","","tests.ProfileNavigationTests","navigateToProfileViaHeaderButton","navigateToProfileViaHeaderButton(String, String) Переход в личный кабинет по клику на Личный кабинет в браузере: Google Chrome",""
"passed","Wed Oct 07 23:48:06 MSK 2026","Wed Oct 07 23:48:17 MSK 2026","11450","","tests.ConstructorSectionTests","","tests.ConstructorSectionTests","navigateToSaucesSection","Переход к разделу 'Соусы' делает вкладку активной и загружает ингредиенты",""
"passed","Sat Oct 03 23:02:07 MSK 2026","Sat Oct 03 23:02:11 MSK 2026","4149","","tests.LoginTests","","tests.LoginTests","loginViaHeaderProfileButton","loginViaHeaderProfileButton(String, String) Переход на страницу входа по кнопке Личный кабинет в браузере: Google Chrome",""
"passed","Thu Oct 08 00:03:36 MSK 2026","Thu Oct 08 00:03:42 MSK 2026","6439","","tests.LoginTests","","tests.LoginTests","loginViaHeaderProfileButton","Редирект на страницу входа при клике на 'Личный кабинет' без авторизации",""
"passed","Wed Oct 07 23:48:25 MSK 2026","Wed Oct 07 23:48:35 MSK 2026","10427","","tests.ConstructorSectionTests","","tests.ConstructorSectionTests","navigateToBunsSection","Переход к разделу 'Булки' делает вкладку активной и загружает ингредиенты",""
"passed","Thu Oct 08 00:01:58 MSK 2026","Thu Oct 08 00:02:18 MSK 2026","20008","","tests.LoginTests","","tests.LoginTests","loginViaHeaderLoginButton","Переход на страницу входа по кнопке 'Войти в аккаунт' в шапке сайта",""
"passed","Thu Oct 08 00:04:03 MSK 2026","Thu Oct 08 00:04:17 MSK 2026","13413","","tests.LoginTests","","tests.LoginTests","loginViaRestorePasswordForm","Переход на страницу входа по ссылке из формы восстановления пароля",""
"passed","Sat Oct 03 23:01:25 MSK 2026","Sat Oct 03 23:01:34 MSK 2026","8458","","tests.LoginTests","","tests.LoginTests","loginViaHeaderLoginButton","loginViaHeaderLoginButton(String, String) Переход на страницу входа по кнопке Войти в аккаунт в браузере: Google Chrome",""
"passed","Sat Oct 03 23:07:40 MSK 2026","Sat Oct 03 23:07:53 MSK 2026","12632","","tests.RegistrationTests","","tests.RegistrationTests","registrationWithShortPasswordShouldFail","registrationWithShortPasswordShouldFail(String, String) Ошибка при коротком пароле в браузере: Yandex Browser",""
"passed","Sat Oct 03 23:09:10 MSK 2026","Sat Oct 03 23:09:22 MSK 2026","12235","","tests.ConstructorSectionTests","","tests.ConstructorSectionTests","navigateToBunsSection","Переход к разделу 'Булки' делает вкладку активной и загружает ингредиенты Переход к разделу Булки в браузере: Yandex Browser",""
"passed","Sat Oct 03 23:03:47 MSK 2026","Sat Oct 03 23:03:55 MSK 2026","8200","","tests.ProfileNavigationTests","","tests.ProfileNavigationTests","navigateToConstructorViaLogo","navigateToConstructorViaLogo(String, String) Переход в конструктор по клику на логотип в браузере: Yandex Browser",""
"passed","Sat Oct 03 23:08:57 MSK 2026","Sat Oct 03 23:09:01 MSK 2026","4195","","tests.ConstructorSectionTests","","tests.ConstructorSectionTests","navigateToFillingsSection","Переход к разделу 'Начинки' делает вкладку активной и загружает ингредиенты Переход к разделу Начинки в браузере: Google Chrome",""
"passed","Sat Oct 03 23:09:06 MSK 2026","Sat Oct 03 23:09:10 MSK 2026","4205","","tests.ConstructorSectionTests","","tests.ConstructorSectionTests","navigateToBunsSection","Переход к разделу 'Булки' делает вкладку активной и загружает ингредиенты Переход к разделу Булки в браузере: Google Chrome",""
"passed","Sat Oct 03 23:01:59 MSK 2026","Sat Oct 03 23:02:07 MSK 2026","7178","","tests.LoginTests","","tests.LoginTests","loginViaRegistrationForm","loginViaRegistrationForm(String, String) Переход на страницу входа из формы регистрации в браузере: Yandex Browser",""
"passed","Sat Oct 03 23:07:35 MSK 2026","Sat Oct 03 23:07:40 MSK 2026","5643","","tests.RegistrationTests","","tests.RegistrationTests","registrationWithShortPasswordShouldFail","registrationWithShortPasswordShouldFail(String, String) Ошибка при коротком пароле в браузере: Google Chrome",""
"passed","Thu Oct 08 00:03:29 MSK 2026","Thu Oct 08 00:03:36 MSK 2026","7360","","tests.LoginTests","","tests.LoginTests","loginViaRegistrationForm","Переход на страницу входа по ссылке из формы регистрации",""
"passed","Sat Oct 03 23:07:26 MSK 2026","Sat Oct 03 23:07:35 MSK 2026","8860","","tests.RegistrationTests","","tests.RegistrationTests","successfulRegistration","successfulRegistration(String, String) Успешная регистрация в браузере: Yandex Browser",""
"passed","Sat Oct 03 23:09:01 MSK 2026","Sat Oct 03 23:09:06 MSK 2026","4922","","tests.ConstructorSectionTests","","tests.ConstructorSectionTests","navigateToFillingsSection","Переход к разделу 'Начинки' делает вкладку активной и загружает ингредиенты Переход к разделу Начинки в браузере: Yandex Browser",""
"passed","Thu Oct 08 00:02:59 MSK 2026","Thu Oct 08 00:03:29 MSK 2026","29716","","tests.LoginTests","","tests.LoginTests","loginExistingUser","Успешный вход в аккаунт с валидными данными существующего пользователя",""
"passed","Wed Oct 07 23:48:18 MSK 2026","Wed Oct 07 23:48:25 MSK 2026","7362","","tests.ConstructorSectionTests","","tests.ConstructorSectionTests","navigateToFillingsSection","Переход к разделу 'Начинки' делает вкладку активной и загружает ингредиенты",""
"passed","Thu Oct 08 00:13:01 MSK 2026","Thu Oct 08 00:13:15 MSK 2026","13257","","tests.RegistrationTests","","tests.RegistrationTests","successfulRegistration","Успешная регистрация нового пользователя с переходом на главную страницу",""
"passed","Sat Oct 03 23:03:29 MSK 2026","Sat Oct 03 23:03:40 MSK 2026","11059","","tests.ProfileNavigationTests","","tests.ProfileNavigationTests","navigateToConstructorViaConstructorLink","navigateToConstructorViaConstructorLink(String, String) Переход в конструктор по клику на Конструктор в браузере: Yandex Browser",""
"passed","Thu Oct 08 00:06:55 MSK 2026","Thu Oct 08 00:07:23 MSK 2026","27809","","tests.ProfileNavigationTests","","tests.ProfileNavigationTests","logoutFromProfile","Выход из аккаунта через кнопку 'Выход' в профиле",""
"passed","Sat Oct 03 23:01:55 MSK 2026","Sat Oct 03 23:01:59 MSK 2026","4818","","tests.LoginTests","","tests.LoginTests","loginViaRegistrationForm","loginViaRegistrationForm(String, String) Переход на страницу входа из формы регистрации в браузере: Google Chrome",""
"passed","Thu Oct 08 00:13:59 MSK 2026","Thu Oct 08 00:14:11 MSK 2026","11132","","tests.RegistrationTests","","tests.RegistrationTests","registrationWithShortPasswordShouldFail","Отображение ошибки при регистрации с паролем короче 6 символов",""
